Symbol,Model,RMSE,MAE,MAPE,R2,Directional_Accuracy,Precision,Recall,F1_Score
ADANIENT,ARIMA,685.6273913989527,602.191947901549,26.127746980393106,-3.164270342854404,47.474747474747474,0.4693446088794926,0.961038961038961,0.6306818181818181
ADANIENT,SARIMA,683.0754111474674,599.6116004608446,26.02007883207201,-3.1333282943646346,47.67676767676768,0.4703389830508475,0.961038961038961,0.6315789473684211
ADANIENT,Random Forest,95.37211063401254,68.46543446192022,2.8652085873819235,0.9105661280225488,48.20295983086681,0.4689826302729528,0.8590909090909091,0.6067415730337079
ADANIENT,XGBoost,87.9517135273432,63.98154131908785,2.683100391337488,0.9239414825220592,50.10570824524313,0.478494623655914,0.8090909090909091,0.6013513513513513
ADANIENT,LSTM,92.48891741284834,68.61671528543579,2.82590541286227,0.9158917415291872,46.93446088794926,0.4513888888888889,0.5829596412556054,0.5088062622309197
ADANIENT,CNN-LSTM,100.38560435507712,75.27932396852147,3.0899841327187088,0.9009163208230396,46.723044397463006,0.4536741214057508,0.6367713004484304,0.5298507462686567
ADANIENT,ARIMA-LSTM,62.255077031793135,41.96352226840747,1.717987764636024,0.9655261545286484,46.558704453441294,0.4618937644341801,0.8658008658008658,0.6024096385542169
ADANIPORTS,ARIMA,191.73989567335892,143.17352377888676,10.869094325080155,-0.10886817980877,49.696969696969695,0.4837758112094395,0.6890756302521008,0.5684575389948007
ADANIPORTS,SARIMA,192.39337171176317,143.9470784715219,10.937223913814815,-0.116439411483219,49.898989898989896,0.4853801169590643,0.6974789915966386,0.5724137931034482
ADANIPORTS,Random Forest,133.0427385250088,105.54739591505744,7.645226886125795,0.481866671550718,47.99154334038055,0.4686567164179104,0.6977777777777778,0.5607142857142857
ADANIPORTS,XGBoost,137.22677193477065,108.82734285314892,7.740963725763783,0.448764889409363,47.56871035940804,0.4662756598240469,0.7066666666666667,0.5618374558303887
ADANIPORTS,LSTM,68.6345347764178,49.75028887661823,3.362443005035689,0.8621062550275433,53.06553911205074,0.5392156862745098,0.2391304347826087,0.3313253012048193
ADANIPORTS,CNN-LSTM,68.75028136572814,56.34737855993331,4.065677526652438,0.8616407695701062,48.20295983086681,0.4789915966386555,0.7434782608695653,0.5826235093696763
ADANIPORTS,ARIMA-LSTM,26.228572200837647,19.144874007910445,1.3974133482240982,0.9792860662362824,46.15384615384615,0.4698544698544699,0.9535864978902954,0.6295264623955432
APOLLOHOSP,ARIMA,1095.6858086953769,956.851836796535,12.761277813767812,-3.0117046763427995,50.90909090909091,0.5,0.0329218106995884,0.0617760617760617
APOLLOHOSP,SARIMA,1095.3126749902835,956.405923181696,12.755056374274291,-3.0089727848933494,50.90909090909091,0.5,0.0329218106995884,0.0617760617760617
APOLLOHOSP,Random Forest,931.6311471315196,786.2814622526583,10.3915259987241,-2.033282678317019,52.21987315010571,0.8,0.0174672489082969,0.0341880341880341
APOLLOHOSP,XGBoost,957.3815983234134,813.0196475847346,10.755767596746606,-2.203280993268211,52.43128964059197,0.75,0.0262008733624454,0.050632911392405
APOLLOHOSP,LSTM,331.9019363646618,285.91963997219875,3.834195427209245,0.6150144407463962,50.7399577167019,0.5,0.0472103004291845,0.0862745098039215
APOLLOHOSP,CNN-LSTM,323.01137925660305,255.74910094883987,3.387910397071205,0.635363187350834,51.37420718816068,0.5238095238095238,0.1416309012875536,0.222972972972973
APOLLOHOSP,ARIMA-LSTM,93.04869990670689,66.62386096697288,0.9260091539151905,0.9709704959538212,51.012145748987855,0.5,0.7355371900826446,0.5953177257525084
ASIANPAINT,ARIMA,430.2569776292376,379.4956278837195,15.938090114785682,-1.1425212723399865,49.696969696969695,0.4937027707808564,0.8032786885245902,0.6115444617784711
ASIANPAINT,SARIMA,429.5524188288733,378.9044882054058,15.911917997530889,-1.135510130889597,49.898989898989896,0.4949748743718593,0.8073770491803278,0.6137071651090343
ASIANPAINT,Random Forest,62.67742709018359,50.21705876098376,2.0841409743413157,0.9521870914761972,49.68287526427061,0.4903047091412742,0.7662337662337663,0.5979729729729729
ASIANPAINT,XGBoost,61.3139710582308,47.341267689045786,1.974106115916568,0.954244665826141,51.79704016913319,0.5040431266846361,0.8095238095238095,0.6212624584717608
ASIANPAINT,LSTM,94.00481551764834,76.80422037660801,3.1150085375318737,0.8924468713646266,49.04862579281184,0.4916467780429594,0.8803418803418803,0.6309341500765697
ASIANPAINT,CNN-LSTM,90.75252560864858,72.52771543958654,2.9370260145800997,0.8997601782935724,50.7399577167019,0.5012658227848101,0.8461538461538461,0.629570747217806
ASIANPAINT,ARIMA-LSTM,35.74890231423124,25.70721403867685,1.0216002952173435,0.985182780167906,51.821862348178136,1.0,0.0205761316872428,0.0403225806451612
AXISBANK,ARIMA,144.2749930981502,118.08206193364188,10.587432228087025,-0.9842930745832394,52.121212121212125,0.5048543689320388,0.8630705394190872,0.6370597243491577
AXISBANK,SARIMA,141.80733374953985,115.76598595189452,10.37898248355572,-0.91699542004629,51.91919191919192,0.5036855036855037,0.8506224066390041,0.6327160493827161
AXISBANK,Random Forest,71.26834383011241,51.92025202357998,4.162791914324535,0.5260225941963023,49.89429175475687,0.4886877828054298,0.4655172413793103,0.4768211920529801
AXISBANK,XGBoost,69.3765822874876,48.27719863105632,3.857917356619361,0.5508513392029704,51.37420718816068,0.5069444444444444,0.3146551724137931,0.3882978723404255
AXISBANK,LSTM,42.73334151003149,33.654080795911625,2.747429037695189,0.8295888422123717,50.95137420718816,0.5230769230769231,0.1446808510638297,0.2266666666666666
AXISBANK,CNN-LSTM,34.00669245661704,25.94817937902991,2.132729144240028,0.8920821939464105,51.79704016913319,0.5275590551181102,0.2851063829787234,0.3701657458563536
AXISBANK,ARIMA-LSTM,17.416079479225836,12.312920729620114,1.0319147379872329,0.9710868788210164,53.44129554655871,0.526595744680851,0.4125,0.4626168224299065
BAJAJ-AUTO,ARIMA,972.1456729531316,772.0847628144096,8.665365331284054,-0.0211057881445675,51.51515151515152,0.5228758169934641,0.6299212598425197,0.5714285714285714
BAJAJ-AUTO,SARIMA,973.2442964467784,773.868299832448,8.691872688204827,-0.0234149990370147,51.51515151515152,0.5228758169934641,0.6299212598425197,0.5714285714285714
BAJAJ-AUTO,Random Forest,808.1165624918176,602.0899518944896,6.609754575553078,0.3243772263256199,52.43128964059197,0.5302491103202847,0.6157024793388429,0.5697896749521989
BAJAJ-AUTO,XGBoost,748.0509054030232,542.0496014882964,5.85653469987285,0.4210799773190499,51.58562367864693,0.5238095238095238,0.5909090909090909,0.5553398058252427
BAJAJ-AUTO,LSTM,511.4441489187762,352.7973295965596,3.6894027743458455,0.7293844819806312,50.95137420718816,0.532258064516129,0.4057377049180328,0.4604651162790698
BAJAJ-AUTO,CNN-LSTM,617.5639687547782,475.4048508092648,5.249847159151695,0.6054335386174282,50.7399577167019,0.5182724252491694,0.639344262295082,0.5724770642201835
BAJAJ-AUTO,ARIMA-LSTM,151.64197801541656,105.81793426081929,1.170256207599912,0.9752034337817644,51.012145748987855,0.5120350109409191,0.924901185770751,0.6591549295774648
BAJAJFINSV,ARIMA,334.43215110899274,294.7112380158698,15.10894897864268,-3.313828203072857,51.11111111111111,0.5833333333333334,0.056910569105691,0.1037037037037037
BAJAJFINSV,SARIMA,333.6766423292212,293.92700644036427,15.067531827005157,-3.2943596576677168,51.11111111111111,0.5833333333333334,0.056910569105691,0.1037037037037037
BAJAJFINSV,Random Forest,156.74957109119754,121.8316884001719,6.111781618737665,-0.0471077808644209,50.10570824524313,0.4838709677419355,0.1282051282051282,0.2027027027027027
BAJAJFINSV,XGBoost,202.5465143406153,164.00386628555776,8.270854056082491,-0.7483493318976964,50.317124735729394,0.4615384615384615,0.0256410256410256,0.048582995951417
BAJAJFINSV,LSTM,159.52454140140023,143.3826009204405,7.38812131857232,-0.0845102819308014,49.47145877378436,0.3333333333333333,0.0084388185654008,0.0164609053497942
BAJAJFINSV,CNN-LSTM,100.67952622743438,84.70737964775768,4.34364135824631,0.5680226353903133,50.7399577167019,0.527027027027027,0.1645569620253164,0.2508038585209003
BAJAJFINSV,ARIMA-LSTM,28.832897857972696,21.51647307361071,1.1564395471350566,0.9677864867119176,50.80971659919028,0.5714285714285714,0.0326530612244898,0.0617760617760617
BAJFINANCE,ARIMA,205.64149489960843,175.0832489391748,18.86119699335069,-1.8994142330363029,49.898989898989896,0.5443037974683544,0.1686274509803921,0.2574850299401197
BAJFINANCE,SARIMA,204.55597868931724,174.17159011924312,18.766702404417515,-1.8688848479883295,50.1010101010101,0.5487804878048781,0.1764705882352941,0.2670623145400593
BAJFINANCE,Random Forest,145.55081767026783,118.71106104651194,12.550299177158964,-0.5717522107497863,48.625792811839325,0.5254237288135594,0.1260162601626016,0.2032786885245901
BAJFINANCE,XGBoost,153.9554402802087,126.45852923710838,13.386976049561374,-0.7585100751531153,49.04862579281184,0.5409836065573771,0.1341463414634146,0.2149837133550488
BAJFINANCE,LSTM,73.86223897021381,61.87343345658008,6.647175853231581,0.5952380101889638,47.99154334038055,0.5625,0.1071428571428571,0.18
BAJFINANCE,CNN-LSTM,85.37196322087864,70.77927831150524,7.567904834939808,0.4592639514693354,48.837209302325576,0.578125,0.1468253968253968,0.2341772151898734
BAJFINANCE,ARIMA-LSTM,15.118383561299307,10.93348894208556,1.268463162152056,0.9843003674921916,48.38056680161944,0.0,0.0,0.0
BHARTIARTL,ARIMA,429.0361020000198,385.73234895707657,20.529293198399422,-4.216368476073615,49.09090909090909,1.0,0.0039525691699604,0.0078740157480314
BHARTIARTL,SARIMA,428.682444461776,385.341136327479,20.50735554276881,-4.207772240554167,49.09090909090909,1.0,0.0039525691699604,0.0078740157480314
BHARTIARTL,Random Forest,401.5880992366541,361.437125050583,19.12192079365484,-4.241771123835479,49.68287526427061,0.8,0.0165975103734439,0.032520325203252
BHARTIARTL,XGBoost,403.73722057903245,363.8238116264776,19.25439253585687,-4.298024510814492,49.68287526427061,1.0,0.0124481327800829,0.0245901639344262
BHARTIARTL,LSTM,263.6619041244785,234.0992544459942,12.35365780651467,-1.259493830807923,47.99154334038055,0.0,0.0,0.0
BHARTIARTL,CNN-LSTM,243.5228440866033,208.26963524423613,10.894755488110237,-0.9275062991308354,47.99154334038055,0.5,0.032520325203252,0.0610687022900763
BHARTIARTL,ARIMA-LSTM,23.249157447077817,17.236367019223923,0.9637855824307894,0.9845883842548312,51.21457489878543,0.5130023640661938,0.8611111111111112,0.642962962962963
BPCL,ARIMA,50.83224969907732,42.1697399493043,13.11853115847244,-1.114785287428257,53.73737373737374,0.5571428571428572,0.1645569620253164,0.254071661237785
BPCL,SARIMA,51.02199560994874,42.35484991927321,13.174945718751932,-1.130602836092173,53.535353535353536,0.5507246376811594,0.160337552742616,0.2483660130718954
BPCL,Random Forest,30.86613474317192,23.73539632204476,7.617090007005594,0.2431059796940637,53.06553911205074,0.5026737967914439,0.42152466367713,0.4585365853658537
BPCL,XGBoost,39.15281727195536,30.3063891714037,9.453607889173949,-0.2178578891515947,54.12262156448203,0.5241935483870968,0.2914798206278027,0.3746397694524496
BPCL,LSTM,17.57646516921309,12.945021358302748,3.9942374164034735,0.7545666071887897,55.17970401691332,0.5564516129032258,0.3053097345132743,0.3942857142857143
BPCL,CNN-LSTM,20.61239356865585,15.974192394399026,4.900702616393354,0.6624583044226791,53.911205073995774,0.5714285714285714,0.1415929203539823,0.226950354609929
BPCL,ARIMA-LSTM,5.573489163531038,4.142706712915255,1.37248915451509,0.97457140415701,47.97570850202429,0.4782608695652174,0.9788135593220338,0.6425591098748261
BRITANNIA,ARIMA,444.8541766486083,371.6456069400106,6.926245978672806,-0.0001079788506144,51.91919191919192,0.5588235294117647,0.4351145038167939,0.4892703862660944
BRITANNIA,SARIMA,444.9467384010942,372.8351796289505,6.938765588200513,-0.0005242113279395,51.71717171717172,0.5566502463054187,0.4312977099236641,0.486021505376344
BRITANNIA,Random Forest,230.55320583081885,181.00640479444772,3.199912249382182,0.7417217629159001,54.33403805496829,0.5714285714285714,0.5161290322580645,0.5423728813559322
BRITANNIA,XGBoost,248.10869234182587,202.84685255468725,3.6136220282503966,0.7008910267024684,53.69978858350951,0.5622317596566524,0.5282258064516129,0.5446985446985447
BRITANNIA,LSTM,153.99866523093394,119.09711631367271,2.1324950993330862,0.8847663309536826,48.41437632135307,0.5350877192982456,0.242063492063492,0.3333333333333333
BRITANNIA,CNN-LSTM,136.9448617006354,100.35809318342156,1.8297206022045196,0.9088751219138648,53.48837209302325,0.564,0.5595238095238095,0.5617529880478088
BRITANNIA,ARIMA-LSTM,71.23764297236843,52.1747164402595,0.9446735363380028,0.9744036699920704,52.834008097166,0.52834008097166,1.0,0.6913907284768211
CIPLA,ARIMA,94.25595492326472,69.62109367744794,4.959570304177207,-0.0181355129931417,51.71717171717172,0.525,0.50199203187251,0.5132382892057028
CIPLA,SARIMA,94.26126734890046,69.62566691447964,4.960022198358072,-0.0182502839193496,51.51515151515152,0.5228215767634855,0.50199203187251,0.5121951219512196
CIPLA,Random Forest,54.09747246087504,43.21644142070232,2.9855635888482546,0.6764683561553668,52.64270613107822,0.5241379310344828,0.6386554621848739,0.5757575757575757
CIPLA,XGBoost,48.88767133943724,39.791070581812846,2.7335149535452303,0.7357825374142366,52.43128964059197,0.5205047318611987,0.6932773109243697,0.5945945945945945
CIPLA,LSTM,38.24314294853626,30.27026788370027,2.1149942787920177,0.8383149116802302,51.58562367864693,0.5196374622356495,0.7107438016528925,0.600349040139616
CIPLA,CNN-LSTM,33.28582771868292,26.127283135415173,1.7968747776139746,0.877515386366241,48.41437632135307,0.4951923076923077,0.4256198347107438,0.4577777777777778
CIPLA,ARIMA-LSTM,20.36796926426782,14.268904864667862,0.9829928973812062,0.952550715723401,50.80971659919028,0.5072765072765073,0.976,0.667578659370725
COALINDIA,ARIMA,54.14628074206512,46.30057486975089,12.357350095670665,-0.7486856830880932,54.74747474747475,0.53954802259887,0.7579365079365079,0.6303630363036303
COALINDIA,SARIMA,54.4780698430855,46.525229862759936,12.423298079783434,-0.7701819874090388,55.15151515151515,0.5423728813559322,0.7619047619047619,0.6336633663366337
COALINDIA,Random Forest,25.57066798028012,20.857483122424373,5.484962674594355,0.6001343891588509,57.082452431289646,0.5476190476190477,0.8661087866108786,0.6709886547811994
COALINDIA,XGBoost,23.274613853526574,19.427186997028844,5.090781385849369,0.6687202589811885,56.87103594080338,0.5449871465295629,0.8870292887029289,0.6751592356687898
COALINDIA,LSTM,18.214428745332874,15.602952266648016,4.104747515336601,0.7971098192897992,55.81395348837209,0.5414507772020726,0.8672199170124482,0.6666666666666666
COALINDIA,CNN-LSTM,19.67272645294408,16.876823411991666,4.442365457702366,0.7633213817958183,55.391120507399584,0.5394736842105263,0.8506224066390041,0.6602254428341385
COALINDIA,ARIMA-LSTM,6.183117800273143,4.45076600840323,1.101198425729482,0.9772140109108612,51.012145748987855,0.5101214574898786,1.0,0.675603217158177
DIVISLAB,ARIMA,1728.487360832463,1638.3019696570288,26.363358457474494,-8.834796745954312,48.888888888888886,0.0,0.0,0.0
DIVISLAB,SARIMA,1737.854210982187,1648.0764454866946,26.52554232278692,-8.941677104142581,48.888888888888886,0.0,0.0,0.0
DIVISLAB,Random Forest,1183.701666231956,1096.2440256672814,17.42184725481393,-5.310273599634696,49.68287526427061,0.6666666666666666,0.0248962655601659,0.0479999999999999
DIVISLAB,XGBoost,1386.7997496533892,1294.7957135291413,20.6190621637352,-7.661461533777722,49.68287526427061,0.6,0.0373443983402489,0.0703125
DIVISLAB,LSTM,383.5087358366199,342.4299839078778,5.470014969272965,0.3376093381547553,49.47145877378436,0.8181818181818182,0.0365853658536585,0.0700389105058365
DIVISLAB,CNN-LSTM,426.586810678834,374.6763343211885,5.937945201968934,0.1804442030329484,49.04862579281184,0.6470588235294118,0.0447154471544715,0.0836501901140684
DIVISLAB,ARIMA-LSTM,95.30670415753602,68.5162012973317,1.139541213718591,0.969279432414886,45.63894523326572,0.4608294930875576,0.398406374501992,0.4273504273504273
DRREDDY,ARIMA,75.07543260552883,59.15066703733279,4.843359978889234,-0.3377247750703918,56.36363636363636,0.5481049562682215,0.7550200803212851,0.6351351351351351
DRREDDY,SARIMA,74.3436773228401,58.59556477985662,4.795242445808302,-0.3117744325192924,56.16161616161616,0.5473372781065089,0.7429718875502008,0.6303236797274275
DRREDDY,Random Forest,30.01051262733272,23.04415263331203,1.8227306830706655,0.7764385376322217,46.723044397463006,0.4721311475409836,0.6127659574468085,0.5333333333333333
DRREDDY,XGBoost,31.0326375892314,24.57843543015349,1.9530260191486848,0.7609506907510606,52.64270613107822,0.516320474777448,0.7404255319148936,0.6083916083916084
DRREDDY,LSTM,35.17124150630711,28.317559867555147,2.24000766950288,0.6929383969944836,48.625792811839325,0.4767441860465116,0.1715481171548117,0.2523076923076923
DRREDDY,CNN-LSTM,26.80596141844867,21.05027582440553,1.67973305271296,0.8216336637445663,51.58562367864693,0.5271739130434783,0.405857740585774,0.458628841607565
DRREDDY,ARIMA-LSTM,17.226160796579748,12.60922379177046,0.9995473979781774,0.9296657124255614,48.58299595141701,0.4825581395348837,0.3346774193548387,0.3952380952380952
EICHERMOT,ARIMA,1657.2337679903796,1263.3542816991114,18.599551605874712,-1.3285874768816397,50.30303030303031,0.5384615384615384,0.0843373493975903,0.1458333333333333
EICHERMOT,SARIMA,1658.9111286694515,1265.2397571231195,18.630756358479527,-1.3333035981745471,50.505050505050505,0.5526315789473685,0.0843373493975903,0.1463414634146341
EICHERMOT,Random Forest,1644.586421572377,1261.1144217015724,18.44145645280969,-1.3317359667184907,50.95137420718816,0.5483870967741935,0.1428571428571428,0.2266666666666666
EICHERMOT,XGBoost,1696.4139037574853,1313.4176453179266,19.2764661670894,-1.4810163014496114,52.00845665961945,0.6078431372549019,0.1302521008403361,0.2145328719723183
EICHERMOT,LSTM,553.6848213855413,429.0654726364218,6.3831262217197935,0.7357036317535224,49.47145877378436,0.5172413793103449,0.0625,0.1115241635687732
EICHERMOT,CNN-LSTM,787.3495326291211,603.4222987926898,8.875966148470114,0.4655573515623992,49.2600422832981,0.5,0.0458333333333333,0.0839694656488549
EICHERMOT,ARIMA-LSTM,101.66141881319088,70.30262253189761,1.165412792819254,0.9912320105705672,50.0,0.5714285714285714,0.0161290322580645,0.0313725490196078
GRASIM,ARIMA,179.1919320901385,131.29348281114912,4.897656429372768,-0.0115063477094015,53.939393939393945,0.5269230769230769,0.5661157024793388,0.545816733067729
GRASIM,SARIMA,179.88486708220273,131.78150557029232,4.925378550388751,-0.0193444611815505,53.535353535353536,0.5215827338129496,0.5991735537190083,0.5576923076923076
GRASIM,Random Forest,170.60195376382754,128.890399611233,4.671938791396561,0.1144051864996641,52.21987315010571,0.52046783625731,0.3819742489270386,0.4405940594059405
GRASIM,XGBoost,195.3106149163332,161.5132437747026,5.79761921526708,-0.1606967226894398,51.37420718816068,0.512396694214876,0.2660944206008583,0.3502824858757062
GRASIM,LSTM,65.98674359982087,50.44688766320757,1.864539487552972,0.8675108039971362,52.00845665961945,0.5164835164835165,0.597457627118644,0.5540275049115915
GRASIM,CNN-LSTM,87.05840318575981,69.88905116768956,2.610820200826649,0.7693845149450513,50.7399577167019,0.5041322314049587,0.7754237288135594,0.6110183639398998
GRASIM,ARIMA-LSTM,38.172626169895466,28.0103411048797,1.0384839342090784,0.9541805353074736,46.15384615384615,0.4561403508771929,0.5394190871369294,0.494296577946768
HCLTECH,ARIMA,202.9021870546988,169.0957724752083,11.056331459424625,-0.2931118495107565,52.121212121212125,0.5038759689922481,0.2731092436974789,0.3542234332425068
HCLTECH,SARIMA,201.67313713826752,167.8917001278883,10.991822070219746,-0.2774936291060219,51.91919191919192,0.5,0.2731092436974789,0.3532608695652174
HCLTECH,Random Forest,141.82177910051252,105.83937360896624,6.510630187028061,0.3938912747626109,49.2600422832981,0.419753086419753,0.1497797356828193,0.2207792207792207
HCLTECH,XGBoost,155.44701447012653,121.64659632691402,7.529326420647156,0.271835590008497,49.47145877378436,0.3888888888888889,0.092511013215859,0.1494661921708185
HCLTECH,LSTM,92.0268180761167,80.37599004299119,5.147623793562204,0.7447924677841185,50.95137420718816,0.48,0.0519480519480519,0.09375
HCLTECH,CNN-LSTM,64.92186407463696,52.28816612625137,3.4071432031794213,0.8729874492370056,47.56871035940804,0.4234234234234234,0.2034632034632034,0.2748538011695906
HCLTECH,ARIMA-LSTM,25.071312943924365,17.17670199072045,1.1521739557576804,0.9802792492979284,47.77327935222672,0.4635036496350365,0.5336134453781513,0.4960937499999999
HDFCBANK,ARIMA,114.78739537085175,92.37993332590057,9.97642408761472,-1.116962442163524,53.13131313131313,0.5393258426966292,0.200836820083682,0.2926829268292683
HDFCBANK,SARIMA,113.23111156180268,91.0032001434554,9.82974176428483,-1.059948161800465,53.333333333333336,0.5434782608695652,0.209205020920502,0.3021148036253776
HDFCBANK,Random Forest,105.70867710657556,83.01281498140821,8.864596957281135,-0.8210757160300548,52.43128964059197,0.5294117647058824,0.1184210526315789,0.1935483870967742
HDFCBANK,XGBoost,117.0673360553146,94.1837644554346,10.106936124502775,-1.233460103213777,52.21987315010571,0.55,0.0482456140350877,0.0887096774193548
HDFCBANK,LSTM,56.720161730119,48.833318266589416,5.326435291539277,0.4756978356620952,51.58562367864693,0.5555555555555556,0.0432900432900432,0.0803212851405622
HDFCBANK,CNN-LSTM,34.52435991957776,28.7524979105246,3.160113813787448,0.8057513538818302,52.43128964059197,0.5220588235294118,0.3073593073593073,0.3869209809264304
HDFCBANK,ARIMA-LSTM,10.417464950316695,7.741111952999069,0.9042921880828222,0.9825570011051784,51.821862348178136,0.5142857142857142,0.0753138075313807,0.1313868613138686
HDFCLIFE,ARIMA,98.8250475679468,82.64945830544407,11.323791932490412,-1.2302377396683153,52.121212121212125,0.4952380952380952,0.2203389830508474,0.3049853372434017
HDFCLIFE,SARIMA,122.3945600188175,103.57525113835446,14.169503514168458,-2.4209074702999045,51.91919191919192,0.4545454545454545,0.0423728813559322,0.0775193798449612
HDFCLIFE,Random Forest,29.01331147883244,21.48462581530914,2.9262433504858327,0.8363691760720995,54.32098765432099,0.5050505050505051,0.2688172043010752,0.3508771929824561
HDFCLIFE,XGBoost,39.10298031735191,29.328485720515367,3.968158911762712,0.7027716470740013,51.60493827160494,0.4404761904761904,0.1989247311827957,0.274074074074074
HDFCLIFE,LSTM,17.53966845207879,13.724797013047676,1.973404381488857,0.9401983336060932,54.32098765432099,0.5148514851485149,0.2765957446808511,0.3598615916955017
HDFCLIFE,CNN-LSTM,16.831594039077387,13.353211909607634,1.923345486269384,0.9449292460650984,52.59259259259259,0.4836065573770491,0.3138297872340425,0.3806451612903225
HDFCLIFE,ARIMA-LSTM,9.827840523286886,7.627912314089277,1.1190049703024827,0.9803780414947916,45.539906103286384,0.4553990610328638,1.0,0.6258064516129032
HEROMOTOCO,ARIMA,829.3753679388823,641.3952486724168,15.260502630435456,-0.3815463961139174,51.91919191919192,0.5165165165165165,0.6907630522088354,0.5910652920962199
HEROMOTOCO,SARIMA,832.6152048784926,643.4958754057626,15.318559269680373,-0.3923611070900055,51.51515151515152,0.5134328358208955,0.6907630522088354,0.589041095890411
HEROMOTOCO,Random Forest,488.95612134564334,391.451425832865,8.426290327940015,0.5373878530868806,48.625792811839325,0.4903846153846153,0.4267782426778242,0.4563758389261745
HEROMOTOCO,XGBoost,412.7113493082829,329.8912880889361,7.148902180455739,0.6704129944609623,49.47145877378436,0.5,0.5230125523012552,0.5112474437627812
HEROMOTOCO,LSTM,153.26862376746888,119.77378350928598,2.504315495406884,0.9545447790631292,51.58562367864693,0.5192307692307693,0.5648535564853556,0.5410821643286573
HEROMOTOCO,CNN-LSTM,165.3965574616738,125.28713380230464,2.545671794000593,0.9470665513651704,50.317124735729394,0.5114942528735632,0.3723849372384937,0.4309927360774818
HEROMOTOCO,ARIMA-LSTM,78.49290756517432,59.26561839374173,1.241428870951205,0.9876441338800668,55.06072874493927,0.5460750853242321,0.642570281124498,0.5904059040590406
HINDALCO,ARIMA,162.85844802436895,118.38505221045884,13.909973889959344,-0.1959542899567661,48.68686868686869,0.532258064516129,0.4888888888888889,0.5096525096525096
HINDALCO,SARIMA,162.6332948041321,118.38311665887836,13.920792099933196,-0.1926497414141479,48.68686868686869,0.532258064516129,0.4888888888888889,0.5096525096525096
HINDALCO,Random Forest,183.2948625451699,124.0337401763077,13.644243700810682,-0.4886974625616129,47.35729386892177,0.5942028985507246,0.1564885496183206,0.2477341389728097
HINDALCO,XGBoost,183.4453153526562,125.35291209781332,13.846397990085888,-0.4911423825465066,47.780126849894295,0.6470588235294118,0.1259541984732824,0.2108626198083066
HINDALCO,LSTM,76.59599687922343,52.615927040183344,5.944433722235591,0.740033125379165,46.51162790697674,0.5657894736842105,0.1634980988593156,0.2536873156342182
HINDALCO,CNN-LSTM,57.57228595446285,39.85989843361032,4.5924786615532085,0.8531300946179006,50.10570824524313,0.6153846153846154,0.2737642585551331,0.3789473684210526
HINDALCO,ARIMA-LSTM,14.37803081744838,10.37978366508401,1.3492328186950897,0.99069189608703,54.655870445344135,0.5504385964912281,0.9296296296296296,0.6914600550964186
HINDUNILVR,ARIMA,216.7168310884419,187.6627270407061,8.157879398902168,-0.4609135568350846,49.494949494949495,0.4805194805194805,0.7872340425531915,0.5967741935483871
HINDUNILVR,SARIMA,214.37502168056105,185.32821717698116,8.050346011089767,-0.429511319078802,49.292929292929294,0.4790575916230366,0.7787234042553192,0.5931928687196111
HINDUNILVR,Random Forest,57.17187847957749,34.440947706936214,1.3937397672598495,0.8947515571437903,53.48837209302325,0.5052083333333334,0.4369369369369369,0.4685990338164251
HINDUNILVR,XGBoost,65.51247975571569,38.97780664326013,1.5684758669896648,0.8618029309711815,51.37420718816068,0.4787234042553192,0.4054054054054054,0.4390243902439025
HINDUNILVR,LSTM,58.21706416623982,46.29412811400036,1.992813938164788,0.8908681914046204,51.16279069767442,0.4916201117318435,0.7822222222222223,0.6037735849056604
HINDUNILVR,CNN-LSTM,69.70663517482234,55.78965595179659,2.305804493973562,0.8435415620178354,52.85412262156448,0.5131578947368421,0.1733333333333333,0.2591362126245847
HINDUNILVR,ARIMA-LSTM,29.750311962407757,21.86779937661826,0.9266797035334876,0.972491654608882,48.58299595141701,0.4787234042553192,0.9615384615384616,0.6392045454545455
ICICIBANK,ARIMA,122.78215804860363,100.62505419908948,7.316220155051977,-1.2417198966028231,53.535353535353536,0.5974025974025974,0.1877551020408163,0.2857142857142857
ICICIBANK,SARIMA,124.4878683934463,102.19071454186818,7.429606050708107,-1.3044372293570428,53.73737373737374,0.6081081081081081,0.1836734693877551,0.2821316614420063
ICICIBANK,Random Forest,173.59043922805145,155.32363869407013,11.366148016460874,-3.894418427677759,50.10570824524313,1.0,0.0084033613445378,0.0166666666666666
ICICIBANK,XGBoost,162.94977838111978,143.1750560782642,10.449230696644284,-3.3127773600563364,50.10570824524313,0.625,0.0210084033613445,0.040650406504065
ICICIBANK,LSTM,56.24838015592462,48.02566481504128,3.526507361835971,0.4861107405666371,51.79704016913319,0.696969696969697,0.0954356846473029,0.1678832116788321
ICICIBANK,CNN-LSTM,70.8971138947652,61.57253185471369,4.507787902178944,0.1835932011039857,50.7399577167019,0.75,0.0497925311203319,0.093385214007782
ICICIBANK,ARIMA-LSTM,15.308051315062588,11.331732320534956,0.8597870498138946,0.965116359872708,51.61943319838057,0.5090361445783133,0.689795918367347,0.58578856152513
INDUSINDBK,ARIMA,526.3552541653501,484.66610590024936,57.27967633990399,-5.313764045588404,49.898989898989896,0.4947145877378435,0.9629629629629628,0.6536312849162011
INDUSINDBK,SARIMA,524.6367136101774,483.1253896028818,57.09678318224575,-5.272602696087159,49.898989898989896,0.4947368421052631,0.9670781893004116,0.6545961002785516
INDUSINDBK,Random Forest,29.57065116023107,21.05153113463969,2.4837829027082523,0.975471155545476,47.14587737843552,0.473186119873817,0.6437768240343348,0.5454545454545454
INDUSINDBK,XGBoost,27.45472524213232,19.1856251809249,2.1852038182219107,0.978855884776618,53.276955602537,0.5208333333333334,0.6437768240343348,0.5758157389635317
INDUSINDBK,LSTM,37.57115075585708,25.678237260360746,2.877491497274186,0.9604028151071392,52.85412262156448,0.5247148288973384,0.5847457627118644,0.5531062124248497
INDUSINDBK,CNN-LSTM,40.86538878094793,27.72952131901103,3.18960728552326,0.9531546393080684,52.21987315010571,0.5179856115107914,0.6101694915254238,0.5603112840466926
INDUSINDBK,ARIMA-LSTM,22.379632798243254,13.282504370110006,1.47129015547583,0.9884889901257076,48.78542510121457,0.4898373983739837,0.9917695473251028,0.6557823129251701
INFY,ARIMA,221.0603899432093,179.98194804776384,12.7394045297635,-0.0214571161706156,48.48484848484848,0.4763636363636364,0.5413223140495868,0.506769825918762
INFY,SARIMA,221.90828003331373,180.66938159181424,12.826625392684262,-0.0293078606957906,49.292929292929294,0.4838709677419355,0.5578512396694215,0.5182341650671786
INFY,Random Forest,80.87472953923742,54.78265958048095,3.3343639814760246,0.8658335306590002,47.99154334038055,0.4509803921568627,0.2987012987012987,0.359375
INFY,XGBoost,99.27194991830788,68.01933371305593,4.107316374318814,0.7978510855321477,47.99154334038055,0.4489795918367347,0.2857142857142857,0.3492063492063492
INFY,LSTM,52.64896098952478,40.946910602270194,2.7267044827636413,0.9431411697504918,50.52854122621564,0.5,0.4829059829059829,0.4913043478260869
INFY,CNN-LSTM,58.146966492185264,44.81178327743928,2.856176290535778,0.9306458527518418,52.00845665961945,0.5304347826086957,0.2606837606837607,0.349570200573066
INFY,ARIMA-LSTM,25.663017075677505,18.428811238138337,1.238278685822569,0.9862613112228642,46.558704453441294,0.4586466165413533,0.5041322314049587,0.4803149606299212
ITC,ARIMA,55.65554040846343,39.529278674202,11.983769868109748,-0.2046598637276582,51.31313131313131,0.4831804281345566,0.6869565217391305,0.5673249551166966
ITC,SARIMA,55.94815845954422,39.775005164281005,12.065274196352888,-0.2173605542859802,51.91919191919192,0.4879518072289157,0.7043478260869566,0.5765124555160144
ITC,Random Forest,20.59428728973526,14.158988555843672,4.245557777433438,0.8347321159401602,52.64270613107822,0.4767441860465116,0.3796296296296296,0.422680412371134
ITC,XGBoost,20.832574601420536,15.762040712761898,4.485230553740783,0.8308855083229403,52.00845665961945,0.4580152671755725,0.2777777777777778,0.345821325648415
ITC,LSTM,9.410793728973749,6.799333106384182,1.812026720015633,0.965489802779148,54.7568710359408,0.515,0.4681818181818182,0.4904761904761905
ITC,CNN-LSTM,10.473592419861737,7.505623064961804,2.008045065226977,0.957254906535352,53.06553911205074,0.4953703703703703,0.4863636363636364,0.4908256880733945
ITC,ARIMA-LSTM,4.452339517776362,3.073399853557909,0.8184331288589898,0.99230326960739,54.04858299595142,0.6,0.0391304347826087,0.073469387755102
JSWSTEEL,ARIMA,182.36882510032663,142.8366787451195,12.439555788570546,-1.2981240227360868,50.90909090909091,0.5846153846153846,0.1496062992125984,0.238244514106583
JSWSTEEL,SARIMA,182.00589686242816,142.4776033489103,12.40729322598137,-1.2889862308452995,50.70707070707071,0.5757575757575758,0.1496062992125984,0.2375
JSWSTEEL,Random Forest,209.7201898123697,174.62345813194764,15.325462277924894,-2.189886403253732,49.04862579281184,1.0,0.0122950819672131,0.0242914979757085
JSWSTEEL,XGBoost,213.1835112260358,177.75844578281618,15.60677654597499,-2.2961119603088163,48.837209302325576,0.75,0.0122950819672131,0.0241935483870967
JSWSTEEL,LSTM,78.16927150697077,67.01462592749968,5.970347865236323,0.5568335584176997,47.14587737843552,0.4666666666666667,0.0281124497991967,0.053030303030303
JSWSTEEL,CNN-LSTM,88.7216450693492,76.45727691794421,6.806784067626318,0.4291080634979418,47.14587737843552,0.4615384615384615,0.0240963855421686,0.0458015267175572
JSWSTEEL,ARIMA-LSTM,16.40689026388264,11.973806034921571,1.1346355971326036,0.9813816124298346,51.012145748987855,0.5192307692307693,0.6377952755905512,0.5724381625441696
KOTAKBANK,ARIMA,39.03709751893769,32.2970527430396,7.855742450303271,-0.7435311526424724,51.91919191919192,0.5078125,0.2708333333333333,0.3532608695652173
KOTAKBANK,SARIMA,38.93581329539072,32.21448612519579,7.836609125670566,-0.7344954855253811,52.121212121212125,0.5118110236220472,0.2708333333333333,0.3542234332425068
KOTAKBANK,Random Forest,11.106084388983732,8.025547733750457,1.945683891378149,0.8549097259933746,51.16279069767442,0.5,0.3073593073593073,0.3806970509383378
KOTAKBANK,XGBoost,14.90267671885237,11.395646438567104,2.7545514154500377,0.7387568428467943,53.48837209302325,0.5733333333333334,0.1861471861471861,0.2810457516339869
KOTAKBANK,LSTM,15.509039622621527,12.936264867523557,3.16632185920976,0.7170653280771253,52.00845665961945,0.5757575757575758,0.160337552742616,0.2508250825082508
KOTAKBANK,CNN-LSTM,12.990042035397565,10.657695374889496,2.6111534042962896,0.8015105297197688,53.06553911205074,0.5925925925925926,0.2025316455696202,0.3018867924528302
KOTAKBANK,ARIMA-LSTM,5.506352140618583,3.931335337220799,0.9984436629876028,0.9653100002218356,47.77327935222672,0.4813278008298755,0.9666666666666668,0.6426592797783934
LTM,ARIMA,714.7908870692993,596.9787211724397,12.171588153437984,-0.0004481141031942,50.1010101010101,0.5022222222222222,0.4556451612903225,0.4778012684989429
LTM,SARIMA,715.5245624802308,595.5686038493203,12.192823342079857,-0.0025029273154839,49.898989898989896,0.5,0.4758064516129032,0.4876033057851239
LTM,Random Forest,120.00856386558294,92.4694454794072,1.7804795242953453,0.973006523607884,52.653927813163484,0.5333333333333333,0.4725738396624472,0.5011185682326622
LTM,XGBoost,120.84641497753913,90.81841910836842,1.7810663323589906,0.9726282928692832,52.016985138004245,0.5255813953488372,0.4767932489451477,0.5
LTM,LSTM,212.73814093280828,165.0248739867045,3.309026327246084,0.91517476738778,52.4416135881104,0.5226666666666666,0.8132780082987552,0.6363636363636364
LTM,CNN-LSTM,161.34599074843436,126.47883941508974,2.46268636793546,0.9512077667847848,50.955414012738856,0.5247524752475248,0.4398340248962655,0.4785553047404063
LTM,ARIMA-LSTM,100.60762615577724,72.44422513268266,1.4308021679732246,0.9802968579314532,50.20325203252033,0.5011135857461024,0.9146341463414634,0.6474820143884893
LT,ARIMA,287.2986199483661,224.452876385796,6.035970208725636,-0.0541379321562633,51.31313131313131,0.4937759336099585,0.5,0.4968684759916493
LT,SARIMA,287.79397671257374,224.550686663524,6.035115276221088,-0.0577761293638341,51.51515151515152,0.4958333333333333,0.5,0.497907949790795
LT,Random Forest,252.30882834552472,180.200164080049,4.669729616558493,0.2170509839235581,52.21987315010571,0.5,0.3495575221238938,0.4114583333333333
LT,XGBoost,318.2658919755762,226.17653178624408,5.811506428172339,-0.2458013179207796,52.21987315010571,0.5,0.247787610619469,0.3313609467455621
LT,LSTM,151.63498527766342,119.21128969600768,3.203784791515004,0.7172078089325422,49.47145877378436,0.4708994708994709,0.3903508771929824,0.4268585131894484
LT,CNN-LSTM,151.0429331874064,117.75144739981458,3.1623687592738468,0.7194117970225669,49.89429175475687,0.4769230769230769,0.4078947368421052,0.4397163120567375
LT,ARIMA-LSTM,56.774848315526135,39.375080922765626,1.0851572472599669,0.9589101332734238,48.38056680161944,0.457286432160804,0.3823529411764705,0.4164759725400457
M&M,ARIMA,388.4212094846527,306.4257187238803,9.36112219980066,-0.5028151958821307,52.323232323232325,0.56,0.2788844621513944,0.3723404255319149
M&M,SARIMA,390.7641208567949,308.4356047805358,9.41789540552387,-0.5209994852291697,52.323232323232325,0.5609756097560976,0.2749003984063745,0.3689839572192513
M&M,Random Forest,521.3684331430768,429.1691098416036,12.977515736925614,-1.7760945524353715,50.317124735729394,0.5476190476190477,0.0962343096234309,0.1637010676156584
M&M,XGBoost,520.5211718176846,427.4224026101936,12.91836375393032,-1.7670791757741071,50.7399577167019,0.6,0.0753138075313807,0.1338289962825279
M&M,LSTM,182.24567184902037,145.8646157975071,4.474561738408,0.6607973441498025,51.58562367864693,0.5714285714285714,0.2148760330578512,0.3123123123123123
M&M,CNN-LSTM,205.0386690311922,163.64768862292274,4.99945252445989,0.5706451767842502,52.00845665961945,0.5728155339805825,0.2438016528925619,0.3420289855072463
M&M,ARIMA-LSTM,54.99850182761744,42.39278616458877,1.388239569413566,0.9698240489862988,51.417004048583,0.5197132616487455,0.5776892430278885,0.5471698113207547
MARUTI,ARIMA,1855.254433507088,1342.4917090319284,9.404679438691666,-0.1778952594680036,50.1010101010101,0.4935622317596566,0.4713114754098361,0.4821802935010482
MARUTI,SARIMA,1840.66238984565,1340.7212006008897,9.419393781941448,-0.1594392405341433,50.90909090909091,0.5020746887966805,0.4959016393442623,0.4989690721649484
MARUTI,Random Forest,1806.0429842040764,1210.086004228328,8.172616730651422,-0.0800438006966857,51.16279069767442,0.506578947368421,0.3304721030042918,0.3999999999999999
MARUTI,XGBoost,1974.5596294942468,1365.834195794792,9.284235328500202,-0.2909984196078092,50.52854122621564,0.4968553459119497,0.3390557939914163,0.4030612244897959
MARUTI,LSTM,787.2637879778962,567.5342647672959,3.9053880383665134,0.7947771299221901,50.52854122621564,0.5128205128205128,0.1694915254237288,0.2547770700636942
MARUTI,CNN-LSTM,725.099586140709,536.1033288960539,3.76593834273735,0.8259073161720774,50.52854122621564,0.5041322314049587,0.5169491525423728,0.5104602510460251
MARUTI,ARIMA-LSTM,188.8798276929093,135.2834224784834,1.0233090594898624,0.9878115389618334,51.61943319838057,0.6470588235294118,0.0450819672131147,0.0842911877394636
NESTLEIND,ARIMA,125.69314107873782,107.03195971666015,9.11429026890208,-0.5455236203545646,52.323232323232325,0.5112219451371571,0.8367346938775511,0.6346749226006192
NESTLEIND,SARIMA,122.54555186707572,103.75109552458464,8.822184999245604,-0.4690872577559903,52.92929292929293,0.5151515151515151,0.8326530612244898,0.6365054602184087
NESTLEIND,Random Forest,59.34773152441955,36.472656346778805,2.821590414886464,0.6683433555546014,52.43128964059197,0.5238095238095238,0.5569620253164557,0.5398773006134969
NESTLEIND,XGBoost,61.80426370194287,36.02149048714897,2.754360746462571,0.6403191387772484,55.60253699788584,0.56,0.5316455696202531,0.5454545454545455
NESTLEIND,LSTM,37.44535955733759,27.74588689707666,2.2209579132466333,0.8679688317056641,48.41437632135307,0.4806201550387597,0.2594142259414226,0.3369565217391304
NESTLEIND,CNN-LSTM,47.14875637173941,35.40468664115174,2.810242468956606,0.7906750771015587,48.625792811839325,0.4879518072289157,0.3389121338912134,0.4
NESTLEIND,ARIMA-LSTM,15.107283384726587,10.968339018976648,0.9019055438929026,0.9777002844732192,49.19028340080971,0.490566037735849,0.636734693877551,0.5541740674955595
NTPC,ARIMA,31.671737319224555,28.054519973058134,8.139753159123277,-0.0841651950499016,51.71717171717172,0.5031446540880503,0.6639004149377593,0.5724508050089445
NTPC,SARIMA,31.833985670469374,28.222016037350645,8.199148005529878,-0.0953015956321343,52.52525252525253,0.5093167701863354,0.6804979253112033,0.5825932504440496
NTPC,Random Forest,23.03700148760297,18.84225499997933,5.592567626202714,0.4228731250065174,54.12262156448203,0.5161290322580645,0.7719298245614035,0.6186291739894552
NTPC,XGBoost,23.803734911009546,19.685724749714502,5.829998704482975,0.3838171479125634,53.69978858350951,0.5133531157270029,0.7587719298245614,0.6123893805309735
NTPC,LSTM,14.023763306156829,11.610771767871611,3.3323573369400807,0.7861306464246562,53.276955602537,0.527027027027027,0.6582278481012658,0.5853658536585366
NTPC,CNN-LSTM,17.112564632491722,14.829100988851618,4.324817010086377,0.6815438697469769,53.69978858350951,0.5284810126582279,0.7046413502109705,0.6039783001808318
NTPC,ARIMA-LSTM,4.978629939893046,3.7877810404981727,1.075666913929238,0.9732543361683332,49.797570850202426,0.4705882352941176,0.2666666666666666,0.3404255319148936
ONGC,ARIMA,30.96054631567919,27.997869845698546,11.74334366784347,-0.6349640662343703,50.90909090909091,0.4960212201591512,0.7791666666666667,0.606158833063209
ONGC,SARIMA,32.914087003047264,29.688780378067683,12.507298650101008,-0.8477984851768576,50.70707070707071,0.4948979591836734,0.8083333333333333,0.6139240506329113
ONGC,Random Forest,19.22987401440502,13.704647343899694,5.540644972946312,0.2858305355272434,52.43128964059197,0.5016077170418006,0.6902654867256637,0.5810055865921787
ONGC,XGBoost,14.480782573478958,12.0691715802577,4.931415615788374,0.5950210362096919,49.47145877378436,0.4827586206896552,0.8053097345132744,0.603648424543947
ONGC,LSTM,7.424790431853784,5.606739019160857,2.243623786290727,0.8935325638694724,54.12262156448203,0.532258064516129,0.4323144104803493,0.4771084337349397
ONGC,CNN-LSTM,7.251245736348573,5.499818627963526,2.206796183857671,0.8984514697524161,54.12262156448203,0.5384615384615384,0.3668122270742358,0.4363636363636363
ONGC,ARIMA-LSTM,4.348036565051471,3.111644506080125,1.2428304443788354,0.9677697301989971,45.546558704453446,0.4659090909090909,0.8577405857740585,0.6038291605301914
POWERGRID,ARIMA,35.95837536441458,30.512784829549958,11.031377150975016,-2.124872710014857,51.31313131313131,0.5010893246187363,0.950413223140496,0.6562054208273894
POWERGRID,SARIMA,35.81689455252359,30.368039350556856,10.980153671520451,-2.100331013247814,50.90909090909091,0.4989010989010989,0.9380165289256198,0.6513629842180775
POWERGRID,Random Forest,20.73822568798482,18.240444834348327,6.52948037237039,-0.1276879391365342,49.89429175475687,0.4930555555555556,0.922077922077922,0.6425339366515838
POWERGRID,XGBoost,22.9135964323422,20.19531026172985,7.21371073974994,-0.3766776512420242,50.10570824524313,0.4941724941724941,0.9177489177489178,0.6424242424242423
POWERGRID,LSTM,14.299276821719287,12.864293088277186,4.544110057815642,0.4638653541528297,49.04862579281184,0.4919540229885057,0.9145299145299144,0.6397608370702541
POWERGRID,CNN-LSTM,14.861055305716398,13.232028371983468,4.702946109414145,0.4209113857587946,49.89429175475687,0.4965986394557823,0.935897435897436,0.6488888888888888
POWERGRID,ARIMA-LSTM,4.177844859060158,3.085583923180204,1.06210155622294,0.9576648255029842,48.58299595141701,0.4773519163763066,0.5684647302904564,0.5189393939393939
RELIANCE_dissertation_metrics,ARIMA,,,,,,,,
RELIANCE_dissertation_metrics,SARIMA,,,,,,,,
RELIANCE_dissertation_metrics,Random Forest,,,,,,,,
RELIANCE_dissertation_metrics,XGBoost,,,,,,,,
RELIANCE_dissertation_metrics,LSTM,,,,,,,,
RELIANCE_dissertation_metrics,CNN-LSTM,,,,,,,,
RELIANCE_dissertation_metrics,Random Forest,,,,,,,,
RELIANCE_dissertation_metrics,XGBoost,,,,,,,,
RELIANCE_dissertation_metrics,LSTM,,,,,,,,
RELIANCE_dissertation_metrics,CNN-LSTM,,,,,,,,
RELIANCE,ARIMA,215.49897640815144,191.18153593838383,14.47498539659452,-3.672007525801836,49.494949494949495,0.4918367346938775,0.9958677685950412,0.6584699453551913
RELIANCE,SARIMA,219.29491692255664,195.3913131762588,14.78260638070776,-3.838048756690237,49.09090909090909,0.4898373983739837,0.9958677685950412,0.656675749318801
RELIANCE,Random Forest,92.23314611990456,70.25319132056839,5.205551391910873,0.1112416024028379,50.52854122621564,0.4970930232558139,0.7370689655172413,0.59375
RELIANCE,XGBoost,60.69877528055812,46.95862613472861,3.4709335129638537,0.6150808409710653,51.58562367864693,0.5043478260869565,0.75,0.6031195840554593
RELIANCE,LSTM,34.48407972760702,27.32981475657299,2.007993343456219,0.8757641423740761,50.7399577167019,0.5042016806722689,0.5106382978723404,0.5073995771670191
RELIANCE,CNN-LSTM,48.54683940224773,38.82031811473002,2.886603351399497,0.7537753079462942,51.37420718816068,0.5068119891008175,0.7914893617021277,0.6179401993355481
RELIANCE,ARIMA-LSTM,17.894848032109813,13.306276116814804,0.9741041678918636,0.9676189293869564,49.59514170040486,0.4927835051546392,0.987603305785124,0.657496561210454
SBILIFE,ARIMA,310.7652973596097,270.72809079393966,14.60587344515454,-1.6427286337256737,49.696969696969695,0.4606741573033708,0.1694214876033057,0.2477341389728096
SBILIFE,SARIMA,312.2495948796255,271.9271061036777,14.666755027588623,-1.6680336679050436,49.696969696969695,0.4597701149425287,0.1652892561983471,0.243161094224924
SBILIFE,Random Forest,184.882962911984,143.64299694764938,7.551545610091723,0.1822828796661371,49.75728155339806,0.4814814814814814,0.2561576354679803,0.3344051446945337
SBILIFE,XGBoost,145.14805016155617,110.44844835071255,5.812034938026911,0.4959986289452672,47.57281553398058,0.419753086419753,0.167487684729064,0.2394366197183098
SBILIFE,LSTM,45.60489673684157,36.03063225720468,2.04046147408502,0.9502455132362962,52.18446601941748,0.5224719101123596,0.4536585365853658,0.4856396866840731
SBILIFE,CNN-LSTM,90.16585309739226,79.64918496037627,4.384664270137173,0.8055116958530351,50.24271844660194,0.5,0.0146341463414634,0.0284360189573459
SBILIFE,ARIMA-LSTM,23.345745827996897,17.138313949791332,0.9863007877447594,0.986521802246238,50.231481481481474,0.4845360824742268,0.2216981132075471,0.3042071197411003
SBIN,ARIMA,128.817107067639,101.49932674959676,11.12885146981232,-0.059246671984964,50.30303030303031,0.5121951219512195,0.5810276679841897,0.5444444444444444
SBIN,SARIMA,129.4716095763821,101.11620308158987,11.047393053122784,-0.0700377982651738,50.90909090909091,0.5177304964539007,0.5770750988142292,0.5457943925233645
SBIN,Random Forest,121.55613068275134,83.00414887184328,8.593390040055658,0.0924839734559787,51.58562367864693,0.5327510917030568,0.5,0.5158562367864693
SBIN,XGBoost,133.1956355966263,94.81251565116597,9.93167667600251,-0.0896337783324043,51.37420718816068,0.5289256198347108,0.5245901639344263,0.5267489711934156
SBIN,LSTM,40.280261454330976,28.10154039711263,3.015820386886233,0.9003482027408037,50.7399577167019,0.5304347826086957,0.4939271255060729,0.5115303983228512
SBIN,CNN-LSTM,59.37282571424037,40.3879674325908,4.170470093111181,0.783490971428843,49.2600422832981,0.5333333333333333,0.2267206477732793,0.3181818181818182
SBIN,ARIMA-LSTM,12.713635740104085,8.762878304350654,1.0075792431301016,0.9897002006990736,51.21457489878543,0.5125523012552301,0.9683794466403162,0.6703146374829
SHRIRAMFIN,ARIMA,255.31082328741195,191.66418907316137,22.61021291379961,-1.2382814459550318,49.494949494949495,0.5357142857142857,0.0595238095238095,0.1071428571428571
SHRIRAMFIN,SARIMA,255.59335241098077,192.00330422866787,22.65701703585935,-1.2432379893984105,49.292929292929294,0.5185185185185185,0.0555555555555555,0.100358422939068
SHRIRAMFIN,Random Forest,249.05085696137735,185.4420894230848,21.564880147803304,-1.1427378134851622,49.89429175475687,0.5625,0.0746887966804979,0.1318681318681318
SHRIRAMFIN,XGBoost,242.7478767606179,177.92855666743034,20.559165587605342,-1.035653390218949,50.52854122621564,0.5853658536585366,0.0995850622406639,0.1702127659574468
SHRIRAMFIN,LSTM,116.26157027708356,79.93560757245638,9.058533517336311,0.5330554431215739,50.317124735729394,0.547945205479452,0.1652892561983471,0.2539682539682539
SHRIRAMFIN,CNN-LSTM,110.13896312256138,75.5356959203234,8.55544644857305,0.5809412476912323,51.58562367864693,0.5844155844155844,0.1859504132231405,0.2821316614420062
SHRIRAMFIN,ARIMA-LSTM,17.234773792207342,12.131444475760771,1.661971446078884,0.989793553922799,50.40485829959515,0.5089974293059126,0.7857142857142857,0.6177847113884556
SUNPHARMA,ARIMA,187.16179023609664,167.5579029069962,9.513872728105392,-3.986370567564606,48.28282828282829,1.0,0.026615969581749,0.0518518518518518
SUNPHARMA,SARIMA,189.58624058926708,170.1888410372442,9.66648293136242,-4.116391853036676,48.28282828282829,1.0,0.026615969581749,0.0518518518518518
SUNPHARMA,Random Forest,98.25228174998416,76.60259949117584,4.299526552030948,-0.4357045789768137,52.85412262156448,0.6015625,0.3092369477911647,0.4084880636604774
SUNPHARMA,XGBoost,151.63651923168842,126.3601970424458,7.121940909827456,-2.4196952816599238,49.04862579281184,0.6428571428571429,0.072289156626506,0.1299638989169675
SUNPHARMA,LSTM,41.9392103989925,32.964216169414094,1.896594408276702,0.7384105064834073,49.47145877378436,0.5408805031446541,0.3412698412698413,0.4184914841849148
SUNPHARMA,CNN-LSTM,48.36337615121055,38.096805294251865,2.168059540918259,0.6521331707323581,50.95137420718816,0.5892857142857143,0.2619047619047619,0.3626373626373626
SUNPHARMA,ARIMA-LSTM,21.533029542849786,15.68055676723372,0.91353515482952,0.9336531375250232,52.834008097166,0.5294117647058824,0.9961832061068704,0.6913907284768211
TATACONSUM,ARIMA,93.46752472733498,69.27782876667317,6.83150918517856,-0.2020929382900744,55.959595959595966,0.5429553264604811,0.6502057613168725,0.5917602996254682
TATACONSUM,SARIMA,92.53098529579736,68.86998479969311,6.781112014384853,-0.1781238179736237,56.56565656565656,0.5486111111111112,0.6502057613168725,0.5951035781544257
TATACONSUM,Random Forest,59.57305431738459,38.42315565048772,3.8791556075422617,0.51118632941246,54.12262156448203,0.521865889212828,0.771551724137931,0.6226086956521739
TATACONSUM,XGBoost,62.201252461168686,42.928465469768575,4.261968451042263,0.4671047263645743,55.17970401691332,0.5373134328358209,0.6206896551724138,0.576
TATACONSUM,LSTM,29.156160603243787,22.560700917875725,2.0875789371147486,0.8829141889437324,55.17970401691332,0.5774647887323944,0.3504273504273504,0.4361702127659574
TATACONSUM,CNN-LSTM,29.73181593099194,22.733611766277864,2.137904310485561,0.8782450933984987,55.81395348837209,0.5486381322957199,0.6025641025641025,0.5743380855397149
TATACONSUM,ARIMA-LSTM,15.931581798190155,11.62836741888176,1.071808710229342,0.9651261051097048,53.84615384615385,0.6,0.1735537190082644,0.2692307692307693
TATASTEEL,ARIMA,24.55494397891013,20.687035846571646,13.041923133082069,-0.0128827767471848,50.90909090909091,0.5131578947368421,0.6215139442231076,0.5621621621621622
TATASTEEL,SARIMA,24.53781600256653,20.652617504943198,13.008422540580847,-0.011470223609258,50.90909090909091,0.5132450331125827,0.6175298804780877,0.5605786618444846
TATASTEEL,Random Forest,17.533241977011954,11.575684924135755,6.409480957789355,0.5026823917143768,51.37420718816068,0.5287356321839081,0.3833333333333333,0.4444444444444445
TATASTEEL,XGBoost,19.92446518412437,13.523732049390604,7.484712089562582,0.3577816227380475,50.52854122621564,0.5164835164835165,0.3916666666666666,0.4454976303317535
TATASTEEL,LSTM,7.947769175733286,6.38019610695136,3.78864020627044,0.8978120059229697,49.04862579281184,0.5254237288135594,0.1270491803278688,0.2046204620462046
TATASTEEL,CNN-LSTM,5.296423418958212,4.013885938804784,2.461906471508664,0.9546189252026276,49.2600422832981,0.508130081300813,0.5122950819672131,0.5102040816326531
TATASTEEL,ARIMA-LSTM,2.8437574415735223,2.0466303027775887,1.2722313090845565,0.9864421792954712,53.23886639676113,0.5331125827814569,0.6414342629482072,0.5822784810126582
TCS,ARIMA,757.362028753059,629.531056592194,22.654943567917176,-0.6319805779923444,47.070707070707066,0.4418604651162791,0.6846846846846847,0.5371024734982333
TCS,SARIMA,746.4625185823801,622.2787008253129,22.3557500273357,-0.5853455671930765,47.070707070707066,0.4415204678362573,0.6801801801801802,0.5354609929078015
TCS,Random Forest,133.6240072978863,92.41982687694065,3.2146408154806645,0.947809753103,47.780126849894295,0.4370860927152318,0.631578947368421,0.5166340508806262
TCS,XGBoost,153.3346658485618,105.64429442448174,3.691963107002698,0.9312771645347546,48.41437632135307,0.4102564102564102,0.3827751196172249,0.396039603960396
TCS,LSTM,89.58137964345067,67.27475773487116,2.164902686859477,0.9765438969909582,50.95137420718816,0.4607142857142857,0.6142857142857143,0.5265306122448979
TCS,CNN-LSTM,93.73570292222216,72.32322791234402,2.3375485995472958,0.9743179050232176,47.35729386892177,0.4441260744985673,0.7380952380952381,0.554561717352415
TCS,ARIMA-LSTM,47.19070896667249,32.484083796396746,1.029689741625777,0.9936709034843528,55.06072874493927,0.0,0.0,0.0
TECHM,ARIMA,167.31251384547426,140.04578673525853,9.09609846489628,-1.6538306140403054,52.72727272727272,0.6,0.1111111111111111,0.1875
TECHM,SARIMA,164.7990482369861,137.46957050218845,8.926826444068292,-1.5746947600669934,53.13131313131313,0.6122448979591837,0.1234567901234567,0.2054794520547945
TECHM,Random Forest,81.78628652771908,60.51806310544794,3.88476977434056,0.375722517587268,49.2600422832981,0.4660194174757281,0.2060085836909871,0.2857142857142857
TECHM,XGBoost,98.03521556835896,76.08089588038574,4.899619602449808,0.1030238260241124,50.52854122621564,0.4782608695652174,0.0472103004291845,0.0859375
TECHM,LSTM,76.14047680521122,66.65134598333258,4.420734649756792,0.4589369529531981,50.10570824524313,0.5172413793103449,0.0632911392405063,0.112781954887218
TECHM,CNN-LSTM,47.21091761824111,38.38462018910616,2.5468192754284336,0.7919816854880106,50.52854122621564,0.5145631067961165,0.2236286919831223,0.3117647058823529
TECHM,ARIMA-LSTM,25.25751469233624,19.07880511923568,1.29803911249467,0.9394375810549848,48.78542510121457,0.4894957983193277,0.9588477366255144,0.6481223922114047
TITAN,ARIMA,600.8171421007017,475.36321469775584,12.108874773416115,-1.3880867575996332,50.1010101010101,0.5116279069767442,0.0887096774193548,0.1512027491408934
TITAN,SARIMA,601.9175956130728,476.5423400828865,12.14020073998728,-1.3968427832576302,50.1010101010101,0.5116279069767442,0.0887096774193548,0.1512027491408934
TITAN,Random Forest,283.72378838250404,182.02977525642484,4.51260448696515,0.4726444542093241,47.35729386892177,0.4662576687116564,0.3193277310924369,0.3790523690773067
TITAN,XGBoost,330.53909680521696,211.11981656975215,5.212996556832028,0.2842560438311068,51.16279069767442,0.5217391304347826,0.3529411764705882,0.4210526315789474
TITAN,LSTM,158.0509437506057,124.15233762882836,3.2295734477939058,0.8363536962916895,46.723044397463006,0.4523809523809524,0.2375,0.3114754098360655
TITAN,CNN-LSTM,200.86663278400655,157.95948004662455,4.054647732295207,0.7356814688841637,48.625792811839325,0.4716981132075472,0.1041666666666666,0.1706484641638225
TITAN,ARIMA-LSTM,54.59993297344855,38.47630622798638,1.0452476523806449,0.9802645746136136,51.417004048583,0.5105105105105106,0.6882591093117408,0.5862068965517242
TMCV,ARIMA,28.010160457885792,23.677760672570297,6.183421227798965,-0.3191479929765881,48.93617021276596,0.4444444444444444,0.8,0.5714285714285714
TMCV,SARIMA,26.718684726738218,22.667577028819835,5.897106251451084,-0.200307385952843,55.319148936170215,0.4838709677419355,0.75,0.5882352941176471
TMCV,Random Forest,29.89220008197934,26.789690357555024,6.236360094675298,-5.421829036173637,63.63636363636363,1.0,0.2,0.3333333333333333
TMCV,XGBoost,23.181409016795765,20.55410173154649,4.782851188466586,-2.862092204551871,72.72727272727273,1.0,0.4,0.5714285714285715
TMCV,LSTM,31.97981733791517,30.314342029477384,7.088559134947072,-6.350129345869235,45.45454545454545,0.0,0.0,0.0
TMCV,CNN-LSTM,35.15332543834656,33.78555468854095,7.911823165170956,-7.881285957759934,45.45454545454545,0.0,0.0,0.0
TMCV,ARIMA-LSTM,9.721975999771969,6.750585795477695,1.6911175918193508,0.8604660610812708,50.0,0.45,0.6428571428571429,0.5294117647058824
TMPV,ARIMA,443.0667861310207,388.9516482372108,87.9317809906004,-2.7994407296853487,47.67676767676768,0.4640522875816993,0.9424778761061948,0.6218978102189782
TMPV,SARIMA,443.88252190308094,389.7692971081427,88.09699838543533,-2.813444003821837,47.67676767676768,0.4638949671772429,0.9380530973451328,0.6207906295754027
TMPV,Random Forest,102.22102263744664,76.72556421066197,11.60348623868587,0.7701925753943243,45.2431289640592,0.4366197183098591,0.7242990654205608,0.5448154657293498
TMPV,XGBoost,127.87293712558628,92.75241919739864,13.906489520759212,0.6403824365243994,46.723044397463006,0.4486486486486487,0.7757009345794392,0.5684931506849314
TMPV,LSTM,39.90721414402885,25.83332365983602,4.6510864103653535,0.9649743315017584,49.68287526427061,0.471976401179941,0.730593607305936,0.5734767025089605
TMPV,CNN-LSTM,47.15620937491151,32.27915815689586,5.755525286952711,0.9510940854573308,48.625792811839325,0.4693877551020408,0.8401826484018264,0.602291325695581
TMPV,ARIMA-LSTM,17.634324491218965,9.503211226232974,1.5901930928793042,0.9939612644034352,45.74898785425101,0.4558823529411764,0.9601769911504424,0.6182336182336182
ULTRACEMCO,ARIMA,605.2035710292397,472.6573908687761,4.021339197698808,-0.0350887957782783,53.939393939393945,0.5350877192982456,0.5,0.5169491525423728
ULTRACEMCO,SARIMA,596.581131191516,470.42593791907,4.0247542917658095,-0.0058047222894441,53.535353535353536,0.5271317829457365,0.5573770491803278,0.5418326693227091
ULTRACEMCO,Random Forest,731.7496360746733,575.6953812310052,4.792748818947181,-0.4592331455416034,54.33403805496829,0.5765765765765766,0.2746781115879828,0.3720930232558139
ULTRACEMCO,XGBoost,619.2559393372482,473.0885797331092,3.941781467830176,-0.0450570920692408,53.911205073995774,0.5572519083969466,0.3133047210300429,0.4010989010989011
ULTRACEMCO,LSTM,311.9498210173685,239.08543209535367,2.081442660088309,0.7348026765556874,52.21987315010571,0.5245901639344263,0.5378151260504201,0.5311203319502075
ULTRACEMCO,CNN-LSTM,320.2494814934515,250.26624902047195,2.15961579827156,0.7205034023655879,50.52854122621564,0.5114942528735632,0.3739495798319328,0.4320388349514563
ULTRACEMCO,ARIMA-LSTM,164.12185265880288,121.79569758796596,1.0549908441914877,0.924022146730544,48.17813765182186,0.4872340425531914,0.9385245901639344,0.6414565826330532
WIPRO,ARIMA,31.132906489037733,23.17566810289909,10.509468629781646,-0.17206761821423,52.72727272727272,0.5088757396449705,0.7166666666666667,0.5951557093425606
WIPRO,SARIMA,31.49591468948431,23.536707714090145,10.68971865153128,-0.1995594707901535,52.92929292929293,0.5100864553314121,0.7375,0.6030664395229982
WIPRO,Random Forest,4.521925772844616,3.3682499065761995,1.392567766729755,0.9761663126683118,52.64270613107822,0.5170940170940171,0.521551724137931,0.5193133047210302
WIPRO,XGBoost,5.299294314178158,4.0442827616487005,1.6796730312624144,0.9672674032872712,48.837209302325576,0.4776785714285714,0.4612068965517241,0.4692982456140351
WIPRO,LSTM,8.540146782700948,7.067124434654736,2.888915650362126,0.9149890151211922,51.58562367864693,0.5490196078431373,0.1196581196581196,0.1964912280701754
WIPRO,CNN-LSTM,6.072839879273187,4.573436064810303,1.9455397220605644,0.9570139006501678,49.47145877378436,0.4926253687315634,0.7136752136752137,0.5828970331588132
WIPRO,ARIMA-LSTM,4.277189257827292,3.0455189049909315,1.2609802060171775,0.97791766216436,51.21457489878543,0.4857142857142857,0.0708333333333333,0.1236363636363636
